{"cameraMode":{"drawMode":0,"name":"Shaded","section":"Shading Mode"},"sceneLighting":true,"audioPlay":false,"sceneViewState":{"m_AlwaysRefresh":false,"showFog":true,"showSkybox":true,"showFlares":true,"showImageEffects":true,"showParticleSystems":true,"showVisualEffectGraphs":true,"m_FxEnabled":true},"in2DMode":false,"pivot":{"x":-7.487287521362305,"y":-0.7027766704559326,"z":2.641655921936035},"rotation":{"x":-0.11057768017053604,"y":0.09436535090208054,"z":-0.010549056343734265,"w":-0.9893201589584351},"size":13.341720581054688,"orthographic":false}